{
  "heal_light": {
    "subtitle": "lightwithin.heal_light_triggered",
    "sounds": [
      "lightwithin:heal_light"
    ]
  },
  "light_ready": {
    "subtitle": "lightwithin.light_ready_to_activate",
    "sounds": [
      "lightwithin:light_ready"
    ]
  },
  "light_crit": {
    "subtitle": "lightwithin.light_critical_hit",
    "sounds": [
      "lightwithin:light_crit"
    ]
  },
  "defense_light": {
  "subtitle": "lightwithin.defense_light_triggered",
  "sounds": [
    "lightwithin:defense_light"
  ]
  },
  "strength_light": {
    "subtitle": "lightwithin.strength_light_triggered",
    "sounds": [
      "lightwithin:strength_light"
    ]
  },
  "blazing_light": {
    "subtitle": "lightwithin.blazing_light_triggered",
    "sounds": [
      "lightwithin:blazing_light"
    ]
  },
  "frost_light": {
    "subtitle": "lightwithin.frost_light_triggered",
    "sounds": [
      "lightwithin:frost_light"
    ]
  },
  "earthen_light": {
    "subtitle": "lightwithin.earthen_light_triggered",
    "sounds": [
      "lightwithin:earthen_light"
    ]
  },
  "wind_light": {
    "subtitle": "lightwithin.wind_light_triggered",
    "sounds": [
      "lightwithin:wind_light"
    ]
  }
}